date,solar,wind
2014-01-01 00:00:00.000,3.5,3471.3
2014-02-01 00:00:00.000,3.9,3476.7
2014-03-01 00:00:00.000,3.4,3562.0
2014-04-01 00:00:00.000,3.9,3587.9
2014-05-01 00:00:00.000,5.8,3599.1
2014-06-01 00:00:00.000,6.1,3601.3
2014-07-01 00:00:00.000,8.1,3622.8
2014-08-01 00:00:00.000,8.4,3658.1
2014-09-01 00:00:00.000,15.1,3674.8
2014-10-01 00:00:00.000,20.6,3717.6
2014-11-01 00:00:00.000,22.4,3839.0
2014-12-01 00:00:00.000,27.5,3866.7
2015-01-01 00:00:00.000,29.6,3876.9
2015-02-01 00:00:00.000,31.9,3949.8
2015-03-01 00:00:00.000,37.9,3957.2
2015-04-01 00:00:00.000,42.1,3964.0
2015-05-01 00:00:00.000,46.7,4031.7
2015-06-01 00:00:00.000,53.3,4072.1
2015-07-01 00:00:00.000,60.3,4116.5
2015-08-01 00:00:00.000,72.8,4170.4
2015-09-01 00:00:00.000,75.5,4181.3
2015-10-01 00:00:00.000,83.6,4291.1
2015-11-01 00:00:00.000,92.7,4495.9
2015-12-01 00:00:00.000,105.8,4884.0
2016-01-01 00:00:00.000,110.2,4973.8
2016-02-01 00:00:00.000,113.3,5252.4
2016-03-01 00:00:00.000,122.7,5451.5
2016-04-01 00:00:00.000,129.0,5489.0
2016-05-01 00:00:00.000,135.4,5498.3
2016-06-01 00:00:00.000,143.6,5614.6
2016-07-01 00:00:00.000,149.8,5643.6
2016-08-01 00:00:00.000,155.7,5645.2
2016-09-01 00:00:00.000,162.7,5767.2
2016-10-01 00:00:00.000,172.0,5765.6
2016-11-01 00:00:00.000,176.7,5773.0
2016-12-01 00:00:00.000,185.7,5778.8
2017-01-01 00:00:00.000,191.2,5782.3
2017-02-01 00:00:00.000,195.2,5782.9
2017-03-01 00:00:00.000,199.8,5782.5
2017-04-01 00:00:00.000,205.2,5783.4
2017-05-01 00:00:00.000,207.8,5793.1
2017-06-01 00:00:00.000,220.7,5795.9
2017-07-01 00:00:00.000,227.3,5795.1
2017-08-01 00:00:00.000,233.8,5796.6
2017-09-01 00:00:00.000,242.5,5800.2
2017-10-01 00:00:00.000,252.8,5813.6
2017-11-01 00:00:00.000,260.0,5814.1
2017-12-01 00:00:00.000,277.2,5826.3
2018-01-01 00:00:00.000,293.8,5839.5
2018-02-01 00:00:00.000,305.7,5827.8
2018-03-01 00:00:00.000,326.1,5829.8
2018-04-01 00:00:00.000,334.2,5831.6
2018-05-01 00:00:00.000,344.7,5831.1
2018-06-01 00:00:00.000,374.6,5831.0
2018-07-01 00:00:00.000,387.9,5836.7
2018-08-01 00:00:00.000,413.8,5836.3
2018-09-01 00:00:00.000,441.6,5838.3
2018-10-01 00:00:00.000,453.0,5838.5
2018-11-01 00:00:00.000,509.9,5840.3
2018-12-01 00:00:00.000,556.7,5843.0
2019-01-01 00:00:00.000,603.3,5842.6
2019-02-01 00:00:00.000,612.8,5844.0
2019-03-01 00:00:00.000,692.7,5844.9
2019-04-01 00:00:00.000,730.1,5853.5
2019-05-01 00:00:00.000,814.0,5866.4
2019-06-01 00:00:00.000,925.6,5860.4
2019-07-01 00:00:00.000,1000.7,5870.4
2019-08-01 00:00:00.000,1047.5,5876.9
2019-09-01 00:00:00.000,1130.7,5880.2
2019-10-01 00:00:00.000,1218.3,5891.6
2019-11-01 00:00:00.000,1348.0,5890.2
2019-12-01 00:00:00.000,1526.2,5898.1
2020-01-01 00:00:00.000,1568.6,5971.0
2020-02-01 00:00:00.000,1762.0,5904.5
2020-03-01 00:00:00.000,1901.6,5920.1
2020-04-01 00:00:00.000,2063.1,5938.9
2020-05-01 00:00:00.000,2258.7,6028.9
2020-06-01 00:00:00.000,2455.3,6028.8
2020-07-01 00:00:00.000,2648.3,6101.0
2020-08-01 00:00:00.000,2888.0,6141.8
2020-09-01 00:00:00.000,3144.6,6145.9
2020-10-01 00:00:00.000,3430.6,6147.2
2020-11-01 00:00:00.000,3704.4,6150.7
2020-12-01 00:00:00.000,3960.0,6401.9
2021-01-01 00:00:00.000,4115.2,6447.1
2021-02-01 00:00:00.000,4242.7,6451.5
2021-03-01 00:00:00.000,4475.1,6461.6
2021-04-01 00:00:00.000,4732.9,6512.7
2021-05-01 00:00:00.000,4973.1,6509.0
2021-06-01 00:00:00.000,5357.0,6696.5
2021-07-01 00:00:00.000,5626.4,6758.3
2021-08-01 00:00:00.000,5970.8,6790.7
2021-09-01 00:00:00.000,6304.2,6828.8
2021-10-01 00:00:00.000,6687.5,6868.1
2021-11-01 00:00:00.000,7122.0,7000.1
2021-12-01 00:00:00.000,7670.0,7116.7
2022-01-01 00:00:00.000,8146.5,7118.4
2022-02-01 00:00:00.000,8768.1,7184.6
2022-03-01 00:00:00.000,9401.1,7211.6
2022-04-01 00:00:00.000,9998.2,7241.5
2022-05-01 00:00:00.000,10221.6,7276.5
2022-06-01 00:00:00.000,10363.5,7483.0
2022-07-01 00:00:00.000,10586.2,7521.0
2022-08-01 00:00:00.000,11036.2,7666.3
2022-09-01 00:00:00.000,11061.2,7707.9
2022-10-01 00:00:00.000,11477.9,7721.0
2022-11-01 00:00:00.000,11924.0,7864.8
2022-12-01 00:00:00.000,12189.1,8255.9
2023-01-01 00:00:00.000,12509.0,8324.0
2023-02-01 00:00:00.000,12744.3,8405.8
2023-03-01 00:00:00.000,13021.2,8573.7
2023-04-01 00:00:00.000,13480.8,8630.4
2023-05-01 00:00:00.000,13925.8,8760.5
2023-06-01 00:00:00.000,14268.7,8857.2
2024-11-01 00:00:00.000,20681.1,10183.4
2024-12-01 00:00:00.000,21157.0,10139.5
2025-01-01 00:00:00.000,21462.7,10147.6
2025-02-01 00:00:00.000,21793.8,10157.9
2025-03-01 00:00:00.000,22052.4,10204.4
2025-04-01 00:00:00.000,22286.7,10195.9
2025-05-01 00:00:00.000,22636.3,10303.7
2025-06-01 00:00:00.000,22970.8,10350.1
2025-07-01 00:00:00.000,23341.3,10392.1
2025-08-01 00:00:00.000,23679.0,10391.9
2025-09-01 00:00:00.000,23942.9,10502.6
2023-07-01 00:00:00.000,14668.1,8918.1
2025-10-01 00:00:00.000,24218.9,10561.7
2023-08-01 00:00:00.000,14994.2,9107.8
2023-09-01 00:00:00.000,15627.5,9136.4
2023-10-01 00:00:00.000,16161.5,9327.9
2023-11-01 00:00:00.000,16533.0,9412.8
2023-12-01 00:00:00.000,17057.1,9428.3
2024-01-01 00:00:00.000,17077.0,9421.8
2024-02-01 00:00:00.000,17219.6,9464.3
2024-03-01 00:00:00.000,17604.9,9446.0
2024-04-01 00:00:00.000,17877.3,9506.5
2024-05-01 00:00:00.000,18095.6,9485.0
2024-06-01 00:00:00.000,18579.9,9553.2
2024-07-01 00:00:00.000,19039.4,9552.8
2024-08-01 00:00:00.000,19561.3,9691.9
2024-09-01 00:00:00.000,19888.7,9793.6
2024-10-01 00:00:00.000,20555.4,9874.3
2025-11-01 00:00:00.000,24466.6,10519.2
2025-12-01 00:00:00.000,24808.3,10550.2
2026-01-01 00:00:00.000,25311.0,10712.0
